田淵 俊章,21c110001@nishijima.ac.jp,3BEUu2FD
池内 和正,21c110002@nishijima.ac.jp,uYBPa6nO
宮内 成美,21c110003@nishijima.ac.jp,61eCD7LC
長谷 時雄,21c110004@nishijima.ac.jp,dzd0Yfji
山上 哲雄,21c110005@nishijima.ac.jp,nIVn3wgA
米山 凪沙,21c110006@nishijima.ac.jp,zkObjDzX
岩城 文雄,21c110007@nishijima.ac.jp,HuljGpkr
川越 美貴,21c110008@nishijima.ac.jp,3rIwJLq5
大石 晃子,21c110009@nishijima.ac.jp,gX5z9ztB
塩田 謙三,21c110010@nishijima.ac.jp,tvw1lHKS
村岡 悦子,21c110011@nishijima.ac.jp,SCyVViNt
笠井 利子,21c110012@nishijima.ac.jp,JlNG5KCz
山形 和恵,21c110013@nishijima.ac.jp,A8F6hmLU
福元 雅信,21c110014@nishijima.ac.jp,HDAbaOz8
鹿野 綾菜,21c110015@nishijima.ac.jp,OE3fGZW2
佐伯 智恵理,21c110016@nishijima.ac.jp,rjucedPd
富山 戸敷,21c110017@nishijima.ac.jp,0iY7scKW
河村 厚吉,21c110018@nishijima.ac.jp,i8uOJYLw
神谷 浩司,21c110019@nishijima.ac.jp,5LgZw2Ka
島津 博嗣,21c110020@nishijima.ac.jp,LZ98cFGh
佐藤 杏樹,21c110021@nishijima.ac.jp,92wkzlIl
結城 涼太,21c110022@nishijima.ac.jp,7rzwxRAN
石沢 小梅,21c110023@nishijima.ac.jp,ADPApIBP
須賀 梓聖,21c110024@nishijima.ac.jp,wJHrQVqe
太田 春来,21c110025@nishijima.ac.jp,hljjYudU
関 悠里,21c110026@nishijima.ac.jp,aZDQNbKn
川端 久道,21c110027@nishijima.ac.jp,B8evCcUR
中沢 美姫,21c110028@nishijima.ac.jp,b9tOzFVx
森谷 遼,21c110029@nishijima.ac.jp,an01o4yt
手塚 夏鈴,21c110030@nishijima.ac.jp,2ky5Ue8X
北田 千紘,21c110031@nishijima.ac.jp,4LqvQ0ep
岩佐 正吉,21c110032@nishijima.ac.jp,Z0eGIURh
板橋 蘭,21c110033@nishijima.ac.jp,hD8oKlCM
宇野 結愛,21c110034@nishijima.ac.jp,ewN3DdQh
野本 幸市,21c110035@nishijima.ac.jp,NGexNa3O
高畑 留吉,21c110036@nishijima.ac.jp,Q30nqGt2
三好 孝宏,21c110037@nishijima.ac.jp,dzL8S9BN
大橋 桃子,21c110038@nishijima.ac.jp,WwAeWFFG
西岡 希美,21c110039@nishijima.ac.jp,P3Rh8JUC
森山 蘭,21c110040@nishijima.ac.jp,quTPaVJo
上岡 達郎,21c110041@nishijima.ac.jp,ndaqTkpR
新垣 理恵,21c110042@nishijima.ac.jp,Ur8Rb8Ty
及川 龍平,21c110043@nishijima.ac.jp,WA1OnKtK
坂井 章一,21c110044@nishijima.ac.jp,SCAdr03X
羽鳥 宏光,21c110045@nishijima.ac.jp,qDCY2qPV
松村 凛乃,21c110046@nishijima.ac.jp,PbkXNDzQ
田代 愛羽,21c110047@nishijima.ac.jp,d7h6dU3D
黒田 由依,21c110048@nishijima.ac.jp,3s2wCdb0
渡部 瑛輔,21c110049@nishijima.ac.jp,iNa9tciJ
横山 正樹,21c110050@nishijima.ac.jp,iOXm2UIv
甲斐 豊樹,21c110051@nishijima.ac.jp,hsu5ApYY
田所 忠正,21c110052@nishijima.ac.jp,hfatqwvE
堀川 省吾,21c110053@nishijima.ac.jp,oYUtyeOg
雨宮 真菜,21c110054@nishijima.ac.jp,KZFpJT9f
冨永 千穂,21c110055@nishijima.ac.jp,M7K7QaWQ
大熊 美里,21c110056@nishijima.ac.jp,mtKcxAh9
江頭 百華,21c110057@nishijima.ac.jp,hGAUfoqC
川崎 政幸,21c110058@nishijima.ac.jp,yYMsSPcr
水口 柚太,21c110059@nishijima.ac.jp,l7qTXAwC
赤松 瑞季,21c110060@nishijima.ac.jp,rBg8km10
江川 慎一郎,21c110061@nishijima.ac.jp,BMHgZYqm
野中 花帆,21c110062@nishijima.ac.jp,KGo7SUd9
佐竹 泰次,21c110063@nishijima.ac.jp,Tj8GziiQ
森脇 富夫,21c110064@nishijima.ac.jp,hftduEPZ
坂上 敏伸,21c110065@nishijima.ac.jp,38Nr3Ieo
市村 義男,21c110066@nishijima.ac.jp,nr55VLlg
奥山 直也,21c110067@nishijima.ac.jp,LrvTKShf
木戸 綾華,21c110068@nishijima.ac.jp,cJLBC4Cj
堀井 貞雄,21c110069@nishijima.ac.jp,yucOvq1i
小野寺 清一,21c110070@nishijima.ac.jp,ilMaGB8Y
立花 完治,21c110071@nishijima.ac.jp,FYsUCRKB
岩沢 帆真礼,21c110072@nishijima.ac.jp,t3PpgWII
小俣 次雄,21c110073@nishijima.ac.jp,VnduGM5R
水上 隆明,21c110074@nishijima.ac.jp,2SiQLVe5
益田 勇一,21c110075@nishijima.ac.jp,mdYJnoq3
岩崎 禎,21c110076@nishijima.ac.jp,au8Ci4MA
津田 舞桜,21c110077@nishijima.ac.jp,P60jVmVH
木田 星菜,21c110078@nishijima.ac.jp,1IfY8RUW
村上 優,21c110079@nishijima.ac.jp,x8ZQw4lb
大崎 利明,21c110080@nishijima.ac.jp,dqC6qVFi
赤羽 理夏子,21c110081@nishijima.ac.jp,n0MMlQOy
小坂 実結,21c110082@nishijima.ac.jp,T1rr6Iep
戸塚 光信,21c110083@nishijima.ac.jp,z7Aq9uj7
丸田 晴希,21c110084@nishijima.ac.jp,ho4VLvab
笠井 美月,21c110085@nishijima.ac.jp,pXOcrpLo
小森 雄太,21c110086@nishijima.ac.jp,5JLi73Fq
平井 藍,21c110087@nishijima.ac.jp,wRaRNSqq
末吉 心結,21c110088@nishijima.ac.jp,V6DOkFu1
矢吹 真波,21c110089@nishijima.ac.jp,g3RSxNvm
矢沢 均,21c110090@nishijima.ac.jp,90ddopnn
草野 真琴,21c110091@nishijima.ac.jp,803jKOCz
有馬 源,21c110092@nishijima.ac.jp,UWLnE2dX
赤松 美奈江,21c110093@nishijima.ac.jp,RfPaTFqd
井沢 啓一,21c110094@nishijima.ac.jp,PVHFhKth
北川 誠,21c110095@nishijima.ac.jp,X9A1uVTr
半田 優起,21c110096@nishijima.ac.jp,Ob1fwMSJ
寺岡 日向子,21c110097@nishijima.ac.jp,9h26Gx0L
岡崎 勝哉,21c110098@nishijima.ac.jp,o5dHd85Y
秦 依子,21c110099@nishijima.ac.jp,00uVQwLv
篠田 咲咲,21c110100@nishijima.ac.jp,dVP14kq7
松川 愛里,21c110101@nishijima.ac.jp,GO2llYBG
石原 隆一,21c110102@nishijima.ac.jp,vbLJY6CZ
田渕 光子,21c110103@nishijima.ac.jp,dE00TNIB
笹原 結衣,21c110104@nishijima.ac.jp,gcEs6Qgz
太田 紀男,21c110105@nishijima.ac.jp,hlmy4X3B
石倉 美晴,21c110106@nishijima.ac.jp,MiCnBw3V
赤坂 昭,21c110107@nishijima.ac.jp,IRU10p45
桑田 聖子,21c110108@nishijima.ac.jp,TgIFdgsK
宮島 陸翔,21c110109@nishijima.ac.jp,Q5HtmPID
黒木 正平,21c110110@nishijima.ac.jp,WPm4viUt
柳田 秀幸,21c110111@nishijima.ac.jp,xiWae1ht
城戸 照子,21c110112@nishijima.ac.jp,yG9fOpQ1
諏訪 光,21c110113@nishijima.ac.jp,HRV298Ly
郡司 邦雄,21c110114@nishijima.ac.jp,AgTPpJYL
川村 清二,21c110115@nishijima.ac.jp,rUw7FmSX
氏家 繁夫,21c110116@nishijima.ac.jp,ggaDx1yK
津村 幸運,21c110117@nishijima.ac.jp,q8yS0sqP
藤木 新平,21c110118@nishijima.ac.jp,0Gf4wDr6
岸田 伸也,21c110119@nishijima.ac.jp,nyF338TT
花田 天音,21c110120@nishijima.ac.jp,9tI4yv4q
野本 信玄,21c110121@nishijima.ac.jp,Wzhqjzzz
石岡 美咲,21c110122@nishijima.ac.jp,SRKCQhft
菅原 繁雄,21c110123@nishijima.ac.jp,w0N80xdE
日比野 義光,21c110124@nishijima.ac.jp,v0RrcTY8
菊田 義孝,21c110125@nishijima.ac.jp,GfrNhJS4
小山 日出夫,21c110126@nishijima.ac.jp,suyQm8iD
神谷 留美,21c110127@nishijima.ac.jp,bx662Ffo
中川 奈緒,21c110128@nishijima.ac.jp,qpiHqJcH
大橋 国彦,21c110129@nishijima.ac.jp,nXfwelF6
嶋田 菜々帆,21c110130@nishijima.ac.jp,BsAzSizq
秦 政子,21c110131@nishijima.ac.jp,X5M0UxHA
木村 守弘,21c110132@nishijima.ac.jp,EspGKgiW
田口 雅子,21c110133@nishijima.ac.jp,zP7wkTe1
木原 真由美,21c110134@nishijima.ac.jp,iXWjhzuF
滝田 二郎,21c110135@nishijima.ac.jp,RYC58c4K
古谷 雅夫,21c110136@nishijima.ac.jp,CXO1NEwp
沢村 桜子,21c110137@nishijima.ac.jp,n5tWTBoX
勝田 耕一,21c110138@nishijima.ac.jp,gLxXTOr9
栗田 結羽,21c110139@nishijima.ac.jp,ggnSkLvf
高井 裕久,21c110140@nishijima.ac.jp,7ZxewGJ8
江田 樹,21c110141@nishijima.ac.jp,LrxlPXHX
斎藤 昇,21c110142@nishijima.ac.jp,rqtBOaBB
福永 沙羅花,21c110143@nishijima.ac.jp,fjVmI8C5
平賀 卓雄,21c110144@nishijima.ac.jp,ngFeLHeq
井上 徳一,21c110145@nishijima.ac.jp,wStihOo9
守屋 江介,21c110146@nishijima.ac.jp,DEzpD70u
宮沢 丈夫,21c110147@nishijima.ac.jp,JnzjvZfP
有馬 美雨,21c110148@nishijima.ac.jp,5zTjcDOX
正木 羽奈,21c110149@nishijima.ac.jp,JezdIJhU
柴山 盛夫,21c110150@nishijima.ac.jp,WTxad5Kq
堀井 真由子,21c110151@nishijima.ac.jp,ENNcObaM
横山 雄一,21c110152@nishijima.ac.jp,qnCf2RJE
三上 広吉,21c110153@nishijima.ac.jp,po6cdonz
小椋 菜乃花,21c110154@nishijima.ac.jp,9XT6NPU8
玉置 希望,21c110155@nishijima.ac.jp,NHP32Hwp
今野 葉菜,21c110156@nishijima.ac.jp,JDppLabZ
田口 実緒,21c110157@nishijima.ac.jp,JMI0XX47
大河原 玲菜,21c110158@nishijima.ac.jp,5LOuwBMI
関根 舞雪,21c110159@nishijima.ac.jp,A1dk8PRm
古橋 利三郎,21c110160@nishijima.ac.jp,hkyLUPX8
戸塚 美穂,21c110161@nishijima.ac.jp,LHWJUq6p
蛭田 由真,21c110162@nishijima.ac.jp,Yqf3Syjr
小寺 公彦,21c110163@nishijima.ac.jp,B4GFZEWU
越智 智嗣,21c110164@nishijima.ac.jp,C22XQ6j1
真野 好,21c110165@nishijima.ac.jp,ssziei4I
猪俣 春姫,21c110166@nishijima.ac.jp,cGL6KXLx
吉崎 裕平,21c110167@nishijima.ac.jp,uXhRW1Og
田辺 向日葵,21c110168@nishijima.ac.jp,VuSBgJ7b
馬場 洋子,21c110169@nishijima.ac.jp,FYUsEv4M
平野 愛空,21c110170@nishijima.ac.jp,UGtcaaOO
上田 葵衣,21c110171@nishijima.ac.jp,7iSBbGyZ
内海 良夫,21c110172@nishijima.ac.jp,4j49ethA
大西 柚希,21c110173@nishijima.ac.jp,LKYLjlWZ
土谷 夏海,21c110174@nishijima.ac.jp,dyOLh5ub
金谷 次男,21c110175@nishijima.ac.jp,ADTRnvxg
東野 貴望,21c110176@nishijima.ac.jp,BiPmALwf
上村 正徳,21c110177@nishijima.ac.jp,E7b9VZ9n
飯塚 幸四郎,21c110178@nishijima.ac.jp,Kz59gOT8
三村 金弥,21c110179@nishijima.ac.jp,xLTABFcU
石倉 依子,21c110180@nishijima.ac.jp,eEURbMBy
水上 翠,21c110181@nishijima.ac.jp,V4XLrNKf
塩見 健二,21c110182@nishijima.ac.jp,Qk9CFDhJ
玉井 雪菜,21c110183@nishijima.ac.jp,NvapVnrl
池田 万桜,21c110184@nishijima.ac.jp,IaaLeQlG
山口 李杏,21c110185@nishijima.ac.jp,fgz2BwoH
落合 仁継,21c110186@nishijima.ac.jp,pnkSTlYx
平田 すみれ,21c110187@nishijima.ac.jp,KHY4KNmS
熊谷 幸治,21c110188@nishijima.ac.jp,i6wh5afO
高嶋 賢太,21c110189@nishijima.ac.jp,i0YUEsA6
片野 冨美子,21c110190@nishijima.ac.jp,X8vUSmiZ
黒岩 希美,21c110191@nishijima.ac.jp,ZghDqADT
山形 希美,21c110192@nishijima.ac.jp,S6OVzGjw
稲村 春,21c110193@nishijima.ac.jp,KkBPy76j
原 陽華,21c110194@nishijima.ac.jp,opu9e7DS
北村 利佳,21c110195@nishijima.ac.jp,SZQ2Iq1y
寺島 武裕,21c110196@nishijima.ac.jp,aVcWIysn
吉井 貞雄,21c110197@nishijima.ac.jp,nhwtKk3S
田島 利朗,21c110198@nishijima.ac.jp,7cObbAYy
萩原 由里子,21c110199@nishijima.ac.jp,iaX0pVaX
古河 咲来,21c110200@nishijima.ac.jp,nidhFR3O
荒川 勇夫,21c110201@nishijima.ac.jp,6LoIupDO
若林 柚花,21c110202@nishijima.ac.jp,lQR6KogO
松沢 響子,21c110203@nishijima.ac.jp,weT7uGus
土居 紀子,21c110204@nishijima.ac.jp,drDw941p
高村 華,21c110205@nishijima.ac.jp,ej5Vjvf3
石丸 宗男,21c110206@nishijima.ac.jp,cJmXyAyJ
村田 砂登子,21c110207@nishijima.ac.jp,TXNUAn2i
内山 進,21c110208@nishijima.ac.jp,XWr1jjwD
熊倉 久吉,21c110209@nishijima.ac.jp,MXrzPkQE
小杉 沙也加,21c110210@nishijima.ac.jp,7y8eDMUv
結城 美春,21c110211@nishijima.ac.jp,NXazi7Vk
吉永 文音,21c110212@nishijima.ac.jp,4oT42GtD
脇田 伊武貴,21c110213@nishijima.ac.jp,0XdkOcAS
下村 晃一,21c110214@nishijima.ac.jp,ilhdVQrc
秋葉 善吉,21c110215@nishijima.ac.jp,LNf81GsY
大沼 真春,21c110216@nishijima.ac.jp,ocDTSYwj
中本 芽衣,21c110217@nishijima.ac.jp,T9rXFzRo
江口 良和,21c110218@nishijima.ac.jp,ZiP3kF6M
奥 喬,21c110219@nishijima.ac.jp,YYcCwkPl
堀越 保,21c110220@nishijima.ac.jp,cJq5jcQe
吉崎 涼人,21c110221@nishijima.ac.jp,IEIbjdCY
小椋 豊治,21c110222@nishijima.ac.jp,6UJuhb68
古川 瑠衣,21c110223@nishijima.ac.jp,TwleCzmR
北川 政子,21c110224@nishijima.ac.jp,NXeW8KhY
濱田 信二,21c110225@nishijima.ac.jp,aXOs1jWX
尾崎 清羅,21c110226@nishijima.ac.jp,PdZDNQqb
三島 香織,21c110227@nishijima.ac.jp,FpXHBhbv
青木 心春,21c110228@nishijima.ac.jp,lobdiaIe
稲田 明紀,21c110229@nishijima.ac.jp,D7FKNlge
深沢 義彦,21c110230@nishijima.ac.jp,R4IHYNGh
藤本 圭司,21c110231@nishijima.ac.jp,BKb9ibsB
西口 美貴,21c110232@nishijima.ac.jp,mDhfHBhc
尾上 寿子,21c110233@nishijima.ac.jp,MTi50GlZ
米山 富士雄,21c110234@nishijima.ac.jp,3FZcTkpc
西川 美玲,21c110235@nishijima.ac.jp,rVNuQK2L
阿久津 勤,21c110236@nishijima.ac.jp,rZI0SHzI
八木 秋男,21c110237@nishijima.ac.jp,5T03wm7D
木村 咲雪菜,21c110238@nishijima.ac.jp,t4oeue7F
北 莉穂,21c110239@nishijima.ac.jp,HifTbrjW
小畑 定雄,21c110240@nishijima.ac.jp,kKs9pmLF
西岡 莉子,21c110241@nishijima.ac.jp,l3JXtmnA
高見 泰三,21c110242@nishijima.ac.jp,AwzFhkCz
古賀 泉貴,21c110243@nishijima.ac.jp,lr5PneLg
稲葉 実希子,21c110244@nishijima.ac.jp,9byjf4Em
寺沢 紀夫,21c110245@nishijima.ac.jp,2H7njdsy
高沢 早苗,21c110246@nishijima.ac.jp,WC5KrE9w
増田 崇,21c110247@nishijima.ac.jp,yNYaDuVZ
本田 美桜,21c110248@nishijima.ac.jp,HQa9Oh8D
倉田 裕樹,21c110249@nishijima.ac.jp,o0Q6DGHS
谷口 紅葉,21c110250@nishijima.ac.jp,PjQHWxvx
高畑 遥斗,21c110251@nishijima.ac.jp,PxeYGU07
曽根 美穂子,21c110252@nishijima.ac.jp,nwTWH4pU
藤沢 博一,21c110253@nishijima.ac.jp,6MdDc5qV
奥田 庄一,21c110254@nishijima.ac.jp,PH28mSfB
柿崎 清香,21c110255@nishijima.ac.jp,eotNCRX7
中西 忍,21c110256@nishijima.ac.jp,Fwv6SA1T
平野 桜子,21c110257@nishijima.ac.jp,4a48NITb
矢部 志帆,21c110258@nishijima.ac.jp,EmA3hrJs
徳田 勇治,21c110259@nishijima.ac.jp,eOedZkre
沖 浩志,21c110260@nishijima.ac.jp,II0oWknV
大平 花鈴,21c110261@nishijima.ac.jp,gAktEwbj
北 信夫,21c110262@nishijima.ac.jp,hR5nibpB
那須 千風優,21c110263@nishijima.ac.jp,8XfYLGjO
平山 優依,21c110264@nishijima.ac.jp,Mq7B8NX1
岡島 暁子,21c110265@nishijima.ac.jp,jgKiyoSC
蛭田 利明,21c110266@nishijima.ac.jp,WDUVntqj
新谷 胡春,21c110267@nishijima.ac.jp,RifejusO
加賀 菜摘,21c110268@nishijima.ac.jp,p1Lw6vbd
中里 太久馬,21c110269@nishijima.ac.jp,YrT2IALo
黒川 政勝,21c110270@nishijima.ac.jp,XfUnXATC
遠山 典子,21c110271@nishijima.ac.jp,Rlp0werX
津田 華蓮,21c110272@nishijima.ac.jp,6ukHCc0q
大場 智恵,21c110273@nishijima.ac.jp,OB72EyBX
江川 重行,21c110274@nishijima.ac.jp,nNB7yfXP
園田 厚,21c110275@nishijima.ac.jp,gkjTWSBT
渥美 明音,21c110276@nishijima.ac.jp,DW4fohI6
塩谷 柚衣,21c110277@nishijima.ac.jp,ww359B9g
柳沢 清佳,21c110278@nishijima.ac.jp,gTTZ2nnZ
岡崎 帆香,21c110279@nishijima.ac.jp,Xe3F204K
橋口 博史,21c110280@nishijima.ac.jp,MXBUaCSw
梅原 利奈,21c110281@nishijima.ac.jp,QYvY7yCW
小平 翔平,21c110282@nishijima.ac.jp,Um2pR9jX
堀越 伸也,21c110283@nishijima.ac.jp,qWg30BD3
岡 奈菜,21c110284@nishijima.ac.jp,EdQGCW0O
藤本 春来,21c110285@nishijima.ac.jp,jZzJsApf
中原 文隆,21c110286@nishijima.ac.jp,s8OpiArU
佐藤 都,21c110287@nishijima.ac.jp,uI1FtLLf
池田 香帆,21c110288@nishijima.ac.jp,p76AKIuu
真鍋 里美,21c110289@nishijima.ac.jp,lFth8eUm
西谷 慶昂,21c110290@nishijima.ac.jp,qJnnwjdc
安原 俊治,21c110291@nishijima.ac.jp,UaKishH5
井本 藍,21c110292@nishijima.ac.jp,tvj2MI8o
滋賀 美紀,21c110293@nishijima.ac.jp,MPKAiRXw
山野 貞二,21c110294@nishijima.ac.jp,78YNf5lS
高島 誠一,21c110295@nishijima.ac.jp,pNNdBcX7
篠原 厚吉,21c110296@nishijima.ac.jp,XpXEtB1P
伊沢 克美,21c110297@nishijima.ac.jp,kqM0I3AF
森 有香,21c110298@nishijima.ac.jp,7vXyCJtR
中村 重信,21c110299@nishijima.ac.jp,Jx2aqRo9
秋元 盛夫,21c110300@nishijima.ac.jp,1e4e2r1Q
室井 萌花,21c110301@nishijima.ac.jp,hu6BKQfb
滝口 郁代,21c110302@nishijima.ac.jp,6PJ74FJn
山内 有沙,21c110303@nishijima.ac.jp,Jpm699v7
大竹 敬一,21c110304@nishijima.ac.jp,kaTNnXTv
結城 柑奈,21c110305@nishijima.ac.jp,n4baenYb
石川 治虫,21c110306@nishijima.ac.jp,Bw8lWJyi
立川 大輔,21c110307@nishijima.ac.jp,QKQDE4Iz
出口 歌音,21c110308@nishijima.ac.jp,J55YHrJq
竹田 有沙,21c110309@nishijima.ac.jp,uQLV8yG0
山岸 光政,21c110310@nishijima.ac.jp,HhZcYw55
倉田 由美子,21c110311@nishijima.ac.jp,XgBWJBtM
磯部 綾華,21c110312@nishijima.ac.jp,9ehF7uMM
百瀬 佳織,21c110313@nishijima.ac.jp,UPnVvf48
大石 明美,21c110314@nishijima.ac.jp,erjBUcQt
渋谷 貞一,21c110315@nishijima.ac.jp,xIPA4ASv
三島 貢,21c110316@nishijima.ac.jp,p74BUz0a
秋田 奏,21c110317@nishijima.ac.jp,sQiPQh1S
三浦 沙良,21c110318@nishijima.ac.jp,np7UJKeh
岩沢 百恵,21c110319@nishijima.ac.jp,zAxwTfER
宇野 涼音,21c110320@nishijima.ac.jp,5Q3EOl2A
甲斐 孝二,21c110321@nishijima.ac.jp,zzFbDsjz
篠田 肇,21c110322@nishijima.ac.jp,hYIts7sO
喜多 理桜,21c110323@nishijima.ac.jp,w1xSL3wK
小澤 咲季,21c110324@nishijima.ac.jp,fJEXE3sU
竹村 伍朗,21c110325@nishijima.ac.jp,wNKMBbHs
南部 和臣,21c110326@nishijima.ac.jp,QJtH8iuc
園田 芳明,21c110327@nishijima.ac.jp,3wrrKqSY
安原 玲,21c110328@nishijima.ac.jp,Umg328Sl
志賀 美雨,21c110329@nishijima.ac.jp,kOYjWHi4
上原 知美,21c110330@nishijima.ac.jp,W2c1N3on
野原 貴美,21c110331@nishijima.ac.jp,WdVK6NkC
藤谷 宏美,21c110332@nishijima.ac.jp,Ny8MqSch
新倉 佳子,21c110333@nishijima.ac.jp,9uqVUONg
池内 雪菜,21c110334@nishijima.ac.jp,3SFXKMqF
若林 彰,21c110335@nishijima.ac.jp,3ALIvjAm
渋谷 良之,21c110336@nishijima.ac.jp,aiVXYXo2
浜本 里緒,21c110337@nishijima.ac.jp,pdCUfDUT
森川 柚衣,21c110338@nishijima.ac.jp,Ubo8y4bp
大関 啓吾,21c110339@nishijima.ac.jp,GkJbJcxX
伊沢 尚夫,21c110340@nishijima.ac.jp,d5bPALh4
福沢 朝子,21c110341@nishijima.ac.jp,qgZgEmqD
森岡 務,21c110342@nishijima.ac.jp,Z4O5Rlv0
前川 伸也,21c110343@nishijima.ac.jp,nOThpIRD
安井 空,21c110344@nishijima.ac.jp,npc2dcFd
玉木 俊哉,21c110345@nishijima.ac.jp,Rz0M6jWg
末永 次夫,21c110346@nishijima.ac.jp,PgU78CQJ
木下 利彦,21c110347@nishijima.ac.jp,mrm8IBLz
竹下 優香,21c110348@nishijima.ac.jp,NnhohGaT
橘 武志,21c110349@nishijima.ac.jp,EhuchMeu
永井 俊男,21c110350@nishijima.ac.jp,mJH86ONL
小島 優奈,21c110351@nishijima.ac.jp,mBCOGydz
小村 立哉,21c110352@nishijima.ac.jp,vpsuw8J7
外山 勝昭,21c110353@nishijima.ac.jp,hUFVKcB5
宮川 久典,21c110354@nishijima.ac.jp,7XEhF5Te
石黒 慶太,21c110355@nishijima.ac.jp,uXaEhbrU
本郷 誠馬,21c110356@nishijima.ac.jp,WyBYgGaC
浜田 一葉,21c110357@nishijima.ac.jp,8W2ug0rI
布施 趣里,21c110358@nishijima.ac.jp,jT6tlFwT
千田 貞,21c110359@nishijima.ac.jp,tSykYMFG
寺本 由愛子,21c110360@nishijima.ac.jp,Y2g0KpXk
香坂 奈津子,21c110361@nishijima.ac.jp,z79DKBzf
今川 悠里,21c110362@nishijima.ac.jp,4xJzZN87
松下 豊作,21c110363@nishijima.ac.jp,Wx2uIj6W
久保 棟上,21c110364@nishijima.ac.jp,p8VCnk4w
板倉 年子,21c110365@nishijima.ac.jp,up0oVJDY
山村 愛里,21c110366@nishijima.ac.jp,2ynUihjU
塚田 里沙,21c110367@nishijima.ac.jp,B1kzqnhe
大原 明琉,21c110368@nishijima.ac.jp,k7uQNyPi
風間 照男,21c110369@nishijima.ac.jp,n2HrfFVC
熊倉 利明,21c110370@nishijima.ac.jp,ZEAu2OIo
児玉 哲美,21c110371@nishijima.ac.jp,lAjbnPaN
小村 奏翔,21c110372@nishijima.ac.jp,s30AGTzI
堀口 佳祐,21c110373@nishijima.ac.jp,qsCbldSr
松永 遥,21c110374@nishijima.ac.jp,XkmQz5FQ
島田 照男,21c110375@nishijima.ac.jp,fRl5Chdm
南 岩夫,21c110376@nishijima.ac.jp,sxonUHtg
増井 優,21c110377@nishijima.ac.jp,EUbF4rrh
菅原 杏香,21c110378@nishijima.ac.jp,Nvtu67CI
大高 若奈,21c110379@nishijima.ac.jp,GeKWOvie
青野 安奈,21c110380@nishijima.ac.jp,Ja2icNaw
川本 美希,21c110381@nishijima.ac.jp,G6kEEwSh
川島 蒼依,21c110382@nishijima.ac.jp,xbsYnCsA
船越 恵美,21c110383@nishijima.ac.jp,FmAPi99w
松浦 泰介,21c110384@nishijima.ac.jp,2fUP0MSq
河合 貴美,21c110385@nishijima.ac.jp,l03xZ7T7
西川 文音,21c110386@nishijima.ac.jp,xtReAZef
中川 晶,21c110387@nishijima.ac.jp,Ck4uqRhz
香川 秋桜,21c110388@nishijima.ac.jp,eC3JrjN7
河原 英明,21c110389@nishijima.ac.jp,a4VmbQIW
田所 琴美,21c110390@nishijima.ac.jp,rmOvN7Rr
田尻 月希子,21c110391@nishijima.ac.jp,ElI1Tm92
大和田 光子,21c110392@nishijima.ac.jp,RpR6rGTZ
舟木 好美,21c110393@nishijima.ac.jp,jPODC7ob
小椋 瑞貴,21c110394@nishijima.ac.jp,RPuySZMP
石岡 心愛,21c110395@nishijima.ac.jp,2T05dHYm
滝口 麻友,21c110396@nishijima.ac.jp,FVXaIkyV
吾妻 賢一,21c110397@nishijima.ac.jp,lMM3SOzq
岩佐 清太郎,21c110398@nishijima.ac.jp,YrmtVIVi
森井 菜々,21c110399@nishijima.ac.jp,6wpuiHFv
河田 優美,21c110400@nishijima.ac.jp,oKKHl3Ql
村山 栄一,21c110401@nishijima.ac.jp,CMcLPowJ
泉 英俊,21c110402@nishijima.ac.jp,Pi3uFXqE
中井 福太郎,21c110403@nishijima.ac.jp,hG1xk8rn
樋口 空央,21c110404@nishijima.ac.jp,7riIguSc
鬼頭 友彦,21c110405@nishijima.ac.jp,6zL3kVUr
谷本 博明,21c110406@nishijima.ac.jp,MwUlY8rl
浜 隆,21c110407@nishijima.ac.jp,K15t6Qm4
橋本 悠菜,21c110408@nishijima.ac.jp,HmKVnzjS
栗原 力男,21c110409@nishijima.ac.jp,p0prdtu6
大沼 里桜,21c110410@nishijima.ac.jp,mln4vjM2
江藤 信幸,21c110411@nishijima.ac.jp,E5Qn0nHZ
森永 理穂,21c110412@nishijima.ac.jp,BoTWApiR
杉原 新太郎,21c110413@nishijima.ac.jp,1E24GNwX
村田 利佳,21c110414@nishijima.ac.jp,xSTdNRBL
川井 美緒,21c110415@nishijima.ac.jp,4FnmN7Jp
峰 登季也,21c110416@nishijima.ac.jp,6mNHNOhE
中沢 金太郎,21c110417@nishijima.ac.jp,swSMDn0z
長島 宏江,21c110418@nishijima.ac.jp,xk6DyJgx
鶴岡 健之,21c110419@nishijima.ac.jp,wcnaLUDP
矢沢 崇,21c110420@nishijima.ac.jp,fnQ1j8Bo
宮本 文,21c110421@nishijima.ac.jp,5glN3y2v
谷川 菊男,21c110422@nishijima.ac.jp,CTpK6cSw
新村 駿,21c110423@nishijima.ac.jp,0oBoUw8I
白鳥 紗菜,21c110424@nishijima.ac.jp,tNtP4wV3
平野 葉菜,21c110425@nishijima.ac.jp,yicn7IIl
福元 優羽,21c110426@nishijima.ac.jp,WH80Muwl
高野 好夫,21c110427@nishijima.ac.jp,lBreUaoX
宮地 実桜,21c110428@nishijima.ac.jp,l06lLvOR
加瀬 杏菜,21c110429@nishijima.ac.jp,NNdO5XKb
八木 俊樹,21c110430@nishijima.ac.jp,LDukurNJ
山崎 耕筰,21c110431@nishijima.ac.jp,zIYE98zF
岩瀬 岩夫,21c110432@nishijima.ac.jp,3mT2A8bc
白木 和,21c110433@nishijima.ac.jp,YCPscqjT
野原 香帆,21c110434@nishijima.ac.jp,HqFgBjl6
栗原 麻友,21c110435@nishijima.ac.jp,OdzNTJ6F
仲田 高空,21c110436@nishijima.ac.jp,Tky3hssc
赤塚 次男,21c110437@nishijima.ac.jp,6VA3UnFB
菅井 理央,21c110438@nishijima.ac.jp,D41kroTe
坂下 公男,21c110439@nishijima.ac.jp,5k5bNNFd
竹田 春代,21c110440@nishijima.ac.jp,l93WUZOu
大淵 佐登子,21c110441@nishijima.ac.jp,9U1ANSNj
須賀 愛音,21c110442@nishijima.ac.jp,Xyky2Nhv
長岡 麻美,21c110443@nishijima.ac.jp,tuBkeDxz
下村 太郎,21c110444@nishijima.ac.jp,33Pg6xio
鶴田 颯太,21c110445@nishijima.ac.jp,1TE8rAc4
梅木 昌孝,21c110446@nishijima.ac.jp,hmCOQLF5
久保 真紀,21c110447@nishijima.ac.jp,2prDl7kb
今 二三男,21c110448@nishijima.ac.jp,AyicIccn
平山 陽向,21c110449@nishijima.ac.jp,xBxPdjng
川本 重信,21c110450@nishijima.ac.jp,6v9YvU3e
高谷 仁継,21c110451@nishijima.ac.jp,ZNd2gokh
藤本 平八郎,21c110452@nishijima.ac.jp,GaH5oFb8
川合 岩生,21c110453@nishijima.ac.jp,5N4Ub9DJ
岩永 祐子,21c110454@nishijima.ac.jp,TXNIvUrQ
須賀 美智代,21c110455@nishijima.ac.jp,GlrlPxpw
平井 優花,21c110456@nishijima.ac.jp,CdoqgbIP
出口 奈保美,21c110457@nishijima.ac.jp,wy2hJF4S
阿久津 竜夫,21c110458@nishijima.ac.jp,QqDEuaow
大島 慶太,21c110459@nishijima.ac.jp,jrrBh308
滝本 利之,21c110460@nishijima.ac.jp,E8pvwckK
山村 菜那,21c110461@nishijima.ac.jp,vQBg3G7O
菅谷 睦,21c110462@nishijima.ac.jp,AsrF71z5
坪井 進一,21c110463@nishijima.ac.jp,0wvoWHfq
野崎 沙和,21c110464@nishijima.ac.jp,NH0fxtmk
杉山 雄月,21c110465@nishijima.ac.jp,y9VNlyL1
郡司 南,21c110466@nishijima.ac.jp,ZbpOPqsf
蛭田 泰介,21c110467@nishijima.ac.jp,zH5zzdkL
赤木 正明,21c110468@nishijima.ac.jp,Cl06pSZ2
奥野 忍,21c110469@nishijima.ac.jp,mgM6oxWU
鳴海 美智代,21c110470@nishijima.ac.jp,fvAYbL5o
岡 由良,21c110471@nishijima.ac.jp,qMr9dhc6
島 仁美,21c110472@nishijima.ac.jp,IItwnGEt
半田 広志,21c110473@nishijima.ac.jp,wClZfVQd
新垣 和奏,21c110474@nishijima.ac.jp,yH4lt1RU
坪井 肇,21c110475@nishijima.ac.jp,is8Icg5m
片岡 重彦,21c110476@nishijima.ac.jp,MN1kbtkc
大野 昇一,21c110477@nishijima.ac.jp,u02KAcjo
辻本 麻里子,21c110478@nishijima.ac.jp,xWklRrqp
熊谷 正子,21c110479@nishijima.ac.jp,IpwyorjM
大淵 浩,21c110480@nishijima.ac.jp,jIiP9OxM
小谷 菜々実,21c110481@nishijima.ac.jp,LwFsYhCD
深沢 文一,21c110482@nishijima.ac.jp,ShD8cSmP
岩田 香奈子,21c110483@nishijima.ac.jp,x11dbYmV
堤 功一,21c110484@nishijima.ac.jp,tlkIuvQC
福元 夏美,21c110485@nishijima.ac.jp,ltAWzBQN
田原 瑞紀,21c110486@nishijima.ac.jp,wLg6nMmc
北尾 好子,21c110487@nishijima.ac.jp,wdjr1IUj
平塚 唯衣,21c110488@nishijima.ac.jp,8uV3yLTS
大竹 正子,21c110489@nishijima.ac.jp,5hT5mrKO
水口 繁,21c110490@nishijima.ac.jp,nHler6Hk
小山田 清吾,21c110491@nishijima.ac.jp,cPqBXoVA
山形 静男,21c110492@nishijima.ac.jp,fz02DJ5o
入江 進也,21c110493@nishijima.ac.jp,hf3vQgzN
河内 尚紀,21c110494@nishijima.ac.jp,jq229mQP
長浜 香澄,21c110495@nishijima.ac.jp,xywcI9cl
福田 彰三,21c110496@nishijima.ac.jp,hNtqx3lM
大平 千咲,21c110497@nishijima.ac.jp,Svqo1EJx
矢田 泉,21c110498@nishijima.ac.jp,Hmoxiq4j
坪井 真菜,21c110499@nishijima.ac.jp,ZbyGplLU
福本 康子,21c110500@nishijima.ac.jp,RtZJFuMb
山中 理沙,21c110501@nishijima.ac.jp,BmuEdlwh
榎本 梅吉,21c110502@nishijima.ac.jp,yzeRz3WZ
滋賀 礼子,21c110503@nishijima.ac.jp,vYKEV8kw
後藤 喜久雄,21c110504@nishijima.ac.jp,zgtGNf1t
日比野 裕二,21c110505@nishijima.ac.jp,Zv1GOIfU
藤田 堂下,21c110506@nishijima.ac.jp,PE0RqVAk
猪俣 早比翔,21c110507@nishijima.ac.jp,xOG9YZtP
大村 博史,21c110508@nishijima.ac.jp,d34so1xn
板倉 威雄,21c110509@nishijima.ac.jp,LRoItjYj
櫻井 輝男,21c110510@nishijima.ac.jp,uCluKHKF
土谷 恭一,21c110511@nishijima.ac.jp,3fe6V2hN
相原 純一,21c110512@nishijima.ac.jp,FLg80crb
仲田 忠志,21c110513@nishijima.ac.jp,48RS585U
舟木 嘉之,21c110514@nishijima.ac.jp,xylHsAk8
真野 由太郎,21c110515@nishijima.ac.jp,AWjV0dir
木本 佳樹,21c110516@nishijima.ac.jp,RY4EDUlp
石塚 和人,21c110517@nishijima.ac.jp,qxFND2CA
宮島 金弥,21c110518@nishijima.ac.jp,9EQ0YlEe
小林 京香,21c110519@nishijima.ac.jp,ZmSdr6eT
緒方 謙多郎,21c110520@nishijima.ac.jp,huyiFzsH
村松 十三,21c110521@nishijima.ac.jp,Z5HOvxXY
斎藤 太功樹,21c110522@nishijima.ac.jp,QrF7epb9
岡 松太郎,21c110523@nishijima.ac.jp,vHogz7Z6
柳原 政男,21c110524@nishijima.ac.jp,EMII0rpg
仲村 金弥,21c110525@nishijima.ac.jp,Xp205wFB
有馬 遼,21c110526@nishijima.ac.jp,hwS3JwsW
今 比呂,21c110527@nishijima.ac.jp,NYl6A49Q
神崎 彩絵,21c110528@nishijima.ac.jp,ZuFx4PDv
臼井 正三郎,21c110529@nishijima.ac.jp,UAcFi5n6
田島 郁美,21c110530@nishijima.ac.jp,tuZcuD1o
松永 弦季,21c110531@nishijima.ac.jp,vL5713tV
赤松 貞次,21c110532@nishijima.ac.jp,G3KsNq5t
藤野 朱莉,21c110533@nishijima.ac.jp,mvCv2OyH
和田 理歩,21c110534@nishijima.ac.jp,l1pj7RVp
須藤 亜弥,21c110535@nishijima.ac.jp,srDkV5QT
村井 勇治,21c110536@nishijima.ac.jp,R8GTDsew
石野 加奈子,21c110537@nishijima.ac.jp,bHNXQvpv
河原 友香,21c110538@nishijima.ac.jp,wTLellY2
三木 莉央,21c110539@nishijima.ac.jp,RbWoTYxP
恩田 俊文,21c110540@nishijima.ac.jp,2F7hCUPE
土居 衣緒菜,21c110541@nishijima.ac.jp,R12YNVlh
竹田 年昭,21c110542@nishijima.ac.jp,UlZvQaE4
渡辺 明宏,21c110543@nishijima.ac.jp,t7Hqljzi
市村 光義,21c110544@nishijima.ac.jp,H1chN2W0
進藤 櫻,21c110545@nishijima.ac.jp,zsrLTKlc
小田 重光,21c110546@nishijima.ac.jp,50VIw4fq
雨宮 成康,21c110547@nishijima.ac.jp,zXtepuWc
金子 愛香,21c110548@nishijima.ac.jp,oDzl4DXb
高坂 京子,21c110549@nishijima.ac.jp,JsNCOJhy
細田 勝夫,21c110550@nishijima.ac.jp,l6C9Euz3
柴山 梅吉,21c110551@nishijima.ac.jp,7MDlrOc8
滝口 花歩,21c110552@nishijima.ac.jp,pEFGxjDc
楠本 羽菜,21c110553@nishijima.ac.jp,cU0oVYdP
岡 定吉,21c110554@nishijima.ac.jp,tmxTq4on
森川 美春,21c110555@nishijima.ac.jp,kChJltSv
北原 日和,21c110556@nishijima.ac.jp,l48YeTs1
田中 佐太郎,21c110557@nishijima.ac.jp,dPHF9tCn
田代 里紗,21c110558@nishijima.ac.jp,BrJdrOX4
桑田 夏実,21c110559@nishijima.ac.jp,7NKXfuMF
大和田 奏裕,21c110560@nishijima.ac.jp,J9dC6IDT
古橋 賢一,21c110561@nishijima.ac.jp,zYxJi8ta
小泉 美博,21c110562@nishijima.ac.jp,eoNAKuul
楠本 宏冴,21c110563@nishijima.ac.jp,Bw5AQmRC
長尾 玲奈,21c110564@nishijima.ac.jp,IPQC1l6t
島田 克己,21c110565@nishijima.ac.jp,tBLzTEeU
高崎 隆志,21c110566@nishijima.ac.jp,OCQPPUTQ
赤羽 美姫,21c110567@nishijima.ac.jp,bSJEAI49
藤村 信二,21c110568@nishijima.ac.jp,g2jiAPC6
中井 玲二,21c110569@nishijima.ac.jp,0CxOd7b3
高谷 真緒,21c110570@nishijima.ac.jp,aAkPujju
大田 京子,21c110571@nishijima.ac.jp,AhPmybHt
熊田 政夫,21c110572@nishijima.ac.jp,OluZR8hM
菅 金次,21c110573@nishijima.ac.jp,dH0FENEG
栗田 史織,21c110574@nishijima.ac.jp,PbVHVhBG
秋田 誠之,21c110575@nishijima.ac.jp,97Pf34UH
加賀 良三,21c110576@nishijima.ac.jp,42CH4kYU
木本 美穂,21c110577@nishijima.ac.jp,l16BELVL
岩崎 竜也,21c110578@nishijima.ac.jp,E0mwyCWG
小堀 淳一,21c110579@nishijima.ac.jp,tgNYYBZP
立石 陽香,21c110580@nishijima.ac.jp,uVlIY4Ce
江口 紀夫,21c110581@nishijima.ac.jp,CpyZ3Km5
柏木 好男,21c110582@nishijima.ac.jp,ENLnpQK5
森川 正次郎,21c110583@nishijima.ac.jp,QDlx4PQm
藤岡 千恵子,21c110584@nishijima.ac.jp,YS7rkaHz
上山 富男,21c110585@nishijima.ac.jp,9BuXo5sQ
畠山 瑞穂,21c110586@nishijima.ac.jp,Sp7GxcPR
毛利 咲来,21c110587@nishijima.ac.jp,eKIF9cVu
武田 陽和,21c110588@nishijima.ac.jp,FlwqwmaE
市川 理恵,21c110589@nishijima.ac.jp,hD8OKkXm
宮野 奈々子,21c110590@nishijima.ac.jp,9txF8LaN
細谷 博信,21c110591@nishijima.ac.jp,UAtOfwz9
田端 信長,21c110592@nishijima.ac.jp,JSLDNVmy
前野 勝子,21c110593@nishijima.ac.jp,v7iHATXD
菅井 勇二,21c110594@nishijima.ac.jp,LWUa1SiW
本山 雅紹,21c110595@nishijima.ac.jp,9UVJCPfW
山崎 和仁,21c110596@nishijima.ac.jp,wkbbWnDT
尾崎 明,21c110597@nishijima.ac.jp,4EEe59zY
辻 幸一郎,21c110598@nishijima.ac.jp,VUFddEhF
富永 果音,21c110599@nishijima.ac.jp,GtfPfGIS
澤田 武,21c110600@nishijima.ac.jp,xAzdWhjG
橋本 羽菜,21c110601@nishijima.ac.jp,tZZa0i9l
南部 政勝,21c110602@nishijima.ac.jp,Ke4dF8sl
深井 清良,21c110603@nishijima.ac.jp,3CnxzAS5
会田 渚,21c110604@nishijima.ac.jp,kyWR7os3
前川 紗那,21c110605@nishijima.ac.jp,GQ4Egwka
難波 邦男,21c110606@nishijima.ac.jp,XHby6KwC
野村 美愛,21c110607@nishijima.ac.jp,Pvn0PBYR
吉沢 友吉,21c110608@nishijima.ac.jp,toAm7Knl
杉田 季衣,21c110609@nishijima.ac.jp,53EH0LYB
塚原 孝義,21c110610@nishijima.ac.jp,Pk4cgZxG
平沢 尚生,21c110611@nishijima.ac.jp,UmLjw9y5
中林 栄蔵,21c110612@nishijima.ac.jp,Niyr6m5a
内山 礼子,21c110613@nishijima.ac.jp,NPYGHbwn
吉本 美保,21c110614@nishijima.ac.jp,A6aar25W
柴田 仁明,21c110615@nishijima.ac.jp,KcZUgqFt
本田 隆史,21c110616@nishijima.ac.jp,oSGxzQ9B
児島 啓一,21c110617@nishijima.ac.jp,QgkXgsjR
土肥 里沙,21c110618@nishijima.ac.jp,8seIhxFS
佐々木 舞,21c110619@nishijima.ac.jp,qqolS9IM
橋本 茂志,21c110620@nishijima.ac.jp,VCcWnZbc
富山 賢司,21c110621@nishijima.ac.jp,SBQ4SvEs
大嶋 音々,21c110622@nishijima.ac.jp,pQysF9pm
今泉 珠美,21c110623@nishijima.ac.jp,Myv1nouJ
北川 秀加,21c110624@nishijima.ac.jp,N7gJBo4w
本山 理桜,21c110625@nishijima.ac.jp,kWIvtAUS
梶原 乃亜,21c110626@nishijima.ac.jp,kWogftIL
会田 正之,21c110627@nishijima.ac.jp,AmdHzxZP
河井 秀夫,21c110628@nishijima.ac.jp,DP4z3oP5
板垣 竜,21c110629@nishijima.ac.jp,10s0RImS
菅原 治志,21c110630@nishijima.ac.jp,aJkp0vVJ
北条 輝男,21c110631@nishijima.ac.jp,WvmbrgIq
丸山 晃太,21c110632@nishijima.ac.jp,rscqCbk2
東山 法子,21c110633@nishijima.ac.jp,I7s1mOzx
若山 鈴音,21c110634@nishijima.ac.jp,JoLSradU
真鍋 澄江,21c110635@nishijima.ac.jp,qmtNFseV
市原 花菜,21c110636@nishijima.ac.jp,2XtzwMd1
芦田 和葉,21c110637@nishijima.ac.jp,ES9AOqR2
稲垣 幸治,21c110638@nishijima.ac.jp,cjZjfAhl
川崎 莉奈,21c110639@nishijima.ac.jp,aDcUwhWh
塚原 清吉,21c110640@nishijima.ac.jp,wW5sBUNE
松岡 彩,21c110641@nishijima.ac.jp,CgXsEP4O
村山 一太郎,21c110642@nishijima.ac.jp,nnMVLMEv
栗本 由姫,21c110643@nishijima.ac.jp,tiqBzNHR
内山 日菜子,21c110644@nishijima.ac.jp,n7SmCKvD
藤森 寿晴,21c110645@nishijima.ac.jp,bBVWcKGr
木村 竜夫,21c110646@nishijima.ac.jp,m6yXIFCV
西脇 望,21c110647@nishijima.ac.jp,1t2Rxyfg
永田 春陽,21c110648@nishijima.ac.jp,vaYPzQyc
田川 正,21c110649@nishijima.ac.jp,b8Mcf39U
磯崎 彩夏,21c110650@nishijima.ac.jp,uyq5yK4L
浅野 陽奈,21c110651@nishijima.ac.jp,nwckIeq2
藤森 博史,21c110652@nishijima.ac.jp,TW57WMsB
戸塚 義弘,21c110653@nishijima.ac.jp,qcD3IWvp
樋口 好夫,21c110654@nishijima.ac.jp,VmNEw4LU
奥 金次,21c110655@nishijima.ac.jp,8H04hhKX
長谷川 昌也,21c110656@nishijima.ac.jp,KNxBH6kX
吉沢 潤,21c110657@nishijima.ac.jp,d8muE4MT
小暮 萌葉,21c110658@nishijima.ac.jp,c6W5ZRGz
赤木 良明,21c110659@nishijima.ac.jp,iB15QPf8
三田 京子,21c110660@nishijima.ac.jp,RWYTPX29
植木 柚希,21c110661@nishijima.ac.jp,iCYR6e1T
吉岡 世菜,21c110662@nishijima.ac.jp,Apmf0kyE
露木 柚香,21c110663@nishijima.ac.jp,rGbWJ1Re
大滝 竜一,21c110664@nishijima.ac.jp,TSpJEKhy
石崎 美音,21c110665@nishijima.ac.jp,CDf0sg3m
奥村 利治,21c110666@nishijima.ac.jp,nt8w3BSB
赤羽 千晴,21c110667@nishijima.ac.jp,fFKCe8Rw
益子 周平,21c110668@nishijima.ac.jp,YVLgteOs
栗田 百華,21c110669@nishijima.ac.jp,NTEs2Bxn
滋賀 美久,21c110670@nishijima.ac.jp,IW3Esw4s
平賀 桜花,21c110671@nishijima.ac.jp,QyqzW7fb
小久保 貞男,21c110672@nishijima.ac.jp,LCoyrNyq
桑田 恭一,21c110673@nishijima.ac.jp,lOJXQCrL
植村 知美,21c110674@nishijima.ac.jp,6sP5cSQk
白井 浩次,21c110675@nishijima.ac.jp,VeFNcfpP
塩崎 一美,21c110676@nishijima.ac.jp,LWtxSRuh
石田 琉那,21c110677@nishijima.ac.jp,TZqzTeuv
滝川 梨緒,21c110678@nishijima.ac.jp,3UNgs0mm
安部 佳乃,21c110679@nishijima.ac.jp,wqpAuNs4
岸田 博司,21c110680@nishijima.ac.jp,tbm7dkXO
川原 涼香,21c110681@nishijima.ac.jp,hQL3XiRi
神野 美紅,21c110682@nishijima.ac.jp,9cz1Jl3i
山口 綾菜,21c110683@nishijima.ac.jp,vEJwiqV5
田島 郁子,21c110684@nishijima.ac.jp,oGDxEaGF
布施 峰雄,21c110685@nishijima.ac.jp,c104mxvf
奥 良二,21c110686@nishijima.ac.jp,JxYXqO9v
町田 司,21c110687@nishijima.ac.jp,V3rV8NxK
梶 寅男,21c110688@nishijima.ac.jp,khD5LrIx
郡司 幸太郎,21c110689@nishijima.ac.jp,n9UBsmTb
下田 一夫,21c110690@nishijima.ac.jp,zfRNLX91
豊田 美和子,21c110691@nishijima.ac.jp,hD0yXWzs
中山 直希,21c110692@nishijima.ac.jp,JXnTsaIT
福山 敏男,21c110693@nishijima.ac.jp,nClyP1Su
平山 隼人,21c110694@nishijima.ac.jp,saIPYYoI
深井 遼,21c110695@nishijima.ac.jp,teQukUz8
西田 初音,21c110696@nishijima.ac.jp,KKIhZtd7
宇佐美 紫苑,21c110697@nishijima.ac.jp,WvosZGaU
渡辺 政勝,21c110698@nishijima.ac.jp,VP8qM1I8
杉山 啓子,21c110699@nishijima.ac.jp,AwRjxsQU
沢村 萌,21c110700@nishijima.ac.jp,zbKHHGix
梅木 範明,21c110701@nishijima.ac.jp,mquvAc2Y
山内 数也,21c110702@nishijima.ac.jp,e2WsfuFD
尾上 篤彦,21c110703@nishijima.ac.jp,plo0GlQ5
吉野 良吉,21c110704@nishijima.ac.jp,RsqfeTEv
川口 吉夫,21c110705@nishijima.ac.jp,D3hKLd3b
冨永 清二,21c110706@nishijima.ac.jp,rsWLnkYm
安田 正男,21c110707@nishijima.ac.jp,I8Wus0nA
首藤 真吉,21c110708@nishijima.ac.jp,cXsdvosp
宇都宮 重治,21c110709@nishijima.ac.jp,6g8xYgik
尾形 菜々,21c110710@nishijima.ac.jp,mK82B6Ig
浜本 未羽,21c110711@nishijima.ac.jp,gy877lzg
石村 柚葉,21c110712@nishijima.ac.jp,MIvqC3kr
平松 望,21c110713@nishijima.ac.jp,cJ8Is1z1
榊原 和利,21c110714@nishijima.ac.jp,rusjTOEk
中川 賢三,21c110715@nishijima.ac.jp,WH03f04C
土肥 好夫,21c110716@nishijima.ac.jp,nIBHz0OX
篠原 爽誠,21c110717@nishijima.ac.jp,ApZhXAiq
岡田 保男,21c110718@nishijima.ac.jp,FCD2Eel3
堀内 葉菜,21c110719@nishijima.ac.jp,p0VgLLpV
稲垣 吉彦,21c110720@nishijima.ac.jp,ngtYas0A
原田 琉奈,21c110721@nishijima.ac.jp,naZItQXO
神崎 彰英,21c110722@nishijima.ac.jp,qVSldyBI
西原 唯衣,21c110723@nishijima.ac.jp,c7BQzVEh
小原 義治,21c110724@nishijima.ac.jp,npjrvjdS
高木 安雄,21c110725@nishijima.ac.jp,wCuMrepq
羽田 重男,21c110726@nishijima.ac.jp,0CjYYppE
小澤 奈菜,21c110727@nishijima.ac.jp,aIbWGFNa
岩崎 紗衣,21c110728@nishijima.ac.jp,s9wpGLP3
三好 良昭,21c110729@nishijima.ac.jp,Fqvo64F9
石橋 美香,21c110730@nishijima.ac.jp,j0PmR4tB
藤村 琴,21c110731@nishijima.ac.jp,2qpm5hZ3
中原 春佳,21c110732@nishijima.ac.jp,XzZ21BMd
樋口 千鶴,21c110733@nishijima.ac.jp,ZjbWFhEC
竹中 正夫,21c110734@nishijima.ac.jp,vFar3VdX
金田 正雄,21c110735@nishijima.ac.jp,aUbpx882
坂田 真穂,21c110736@nishijima.ac.jp,30u4M7eW
田渕 智也,21c110737@nishijima.ac.jp,a1FR0XG1
橋口 一二三,21c110738@nishijima.ac.jp,PJrnE7J9
矢野 美里,21c110739@nishijima.ac.jp,jfvTkPnW
高村 宏次,21c110740@nishijima.ac.jp,FjQr52Y2
尾形 純一,21c110741@nishijima.ac.jp,hNRoyTLA
片山 杏理,21c110742@nishijima.ac.jp,egN3niv0
丸田 愛梨,21c110743@nishijima.ac.jp,biFtpebW
小泉 凪,21c110744@nishijima.ac.jp,O5ILaDiD
門脇 博子,21c110745@nishijima.ac.jp,AO5mxvii
岡野 静夫,21c110746@nishijima.ac.jp,aDBYhS3y
黒岩 久典,21c110747@nishijima.ac.jp,XXeUkwKd
明石 尚紀,21c110748@nishijima.ac.jp,7gdjOTK5
矢田 涼,21c110749@nishijima.ac.jp,hOQhsIMu
赤木 七海,21c110750@nishijima.ac.jp,HEJDujEO
土居 正次郎,21c110751@nishijima.ac.jp,NJtDWfhz
宮地 秀明,21c110752@nishijima.ac.jp,rpyIiMXA
清田 沙弥,21c110753@nishijima.ac.jp,NPRxyhKB
小泉 帆香,21c110754@nishijima.ac.jp,KJVUzhcP
栗山 華絵,21c110755@nishijima.ac.jp,8Be2diEz
中川 勇雄,21c110756@nishijima.ac.jp,ArGbpdnX
田口 孝夫,21c110757@nishijima.ac.jp,kPlIacyw
堀川 亜衣,21c110758@nishijima.ac.jp,jloCTaoc
岡山 忠一,21c110759@nishijima.ac.jp,GPhay6hU
鹿野 竜也,21c110760@nishijima.ac.jp,qIanJ2lI
国分 柚葉,21c110761@nishijima.ac.jp,MlywLQPU
荻野 里琉,21c110762@nishijima.ac.jp,haQK9NrD
南 芳郎,21c110763@nishijima.ac.jp,5i4miXDp
我妻 良三,21c110764@nishijima.ac.jp,WQJd3LoY
井出 安雄,21c110765@nishijima.ac.jp,bwHIFzQe
川崎 重治,21c110766@nishijima.ac.jp,sPyHEaZ0
石垣 鉄雄,21c110767@nishijima.ac.jp,TOWRLV1e
小畑 真司,21c110768@nishijima.ac.jp,K1g4LzBY
横田 優奈,21c110769@nishijima.ac.jp,crvPHIVL
柳瀬 陽菜,21c110770@nishijima.ac.jp,uAaTQuAI
堀井 晃一,21c110771@nishijima.ac.jp,F76fyRCz
青柳 英司,21c110772@nishijima.ac.jp,Ku3MZWn5
大村 康治,21c110773@nishijima.ac.jp,Lap9o9nx
中村 孝子,21c110774@nishijima.ac.jp,XwGbzXZr
田代 良二,21c110775@nishijima.ac.jp,sBZKV9LL
加賀 竜雄,21c110776@nishijima.ac.jp,e44Uwa4q
中嶋 三喜,21c110777@nishijima.ac.jp,jfT3FN0g
福永 茉莉,21c110778@nishijima.ac.jp,MBam7p0J
吉崎 清吾,21c110779@nishijima.ac.jp,ldMhmY73
藤森 政次,21c110780@nishijima.ac.jp,1g15qke7
村上 由希子,21c110781@nishijima.ac.jp,rQTRPqzG
菊池 美樹子,21c110782@nishijima.ac.jp,6OqVlztA
長井 啓文,21c110783@nishijima.ac.jp,wHFobCot
高井 梢,21c110784@nishijima.ac.jp,neVuPP9A
内山 沙羅,21c110785@nishijima.ac.jp,m18uQAlC
板橋 萌恵,21c110786@nishijima.ac.jp,etQON6jA
福地 徳蔵,21c110787@nishijima.ac.jp,klsgmT5Q
三上 萌絵,21c110788@nishijima.ac.jp,gmahqfEE
宮沢 聖子,21c110789@nishijima.ac.jp,4PRVmWko
島田 栄太郎,21c110790@nishijima.ac.jp,HByiuaO4
秋葉 喜一郎,21c110791@nishijima.ac.jp,EqLlHUUL
羽鳥 輝,21c110792@nishijima.ac.jp,Ziwr6MhL
小山 重樹,21c110793@nishijima.ac.jp,mJhiziKt
須藤 航成,21c110794@nishijima.ac.jp,Ci1AVJeo
黒沢 空,21c110795@nishijima.ac.jp,FSBxtHlR
本郷 麻由,21c110796@nishijima.ac.jp,ADJIvCNW
神田 志希,21c110797@nishijima.ac.jp,AlrogFYh
神保 政吉,21c110798@nishijima.ac.jp,u0xHkZVz
皆川 洋文,21c110799@nishijima.ac.jp,x3pqdwQj
今西 邦彦,21c110800@nishijima.ac.jp,N1Vl4vGS
紺野 貞治,21c110801@nishijima.ac.jp,tBMRPwvn
新保 重男,21c110802@nishijima.ac.jp,QGN7HKXz
尾形 賢司,21c110803@nishijima.ac.jp,uHBxeRVz
黒沢 優海,21c110804@nishijima.ac.jp,XGkUtNz7
関口 宏光,21c110805@nishijima.ac.jp,B4zsPC8v
藤岡 香苗,21c110806@nishijima.ac.jp,3Enuvouh
吉本 菜奈,21c110807@nishijima.ac.jp,DFxX6mrf
川西 昭夫,21c110808@nishijima.ac.jp,W6onvsUO
大宮 颯,21c110809@nishijima.ac.jp,JuEKewaW
深田 彩希,21c110810@nishijima.ac.jp,mw9wP9ab
本田 正元,21c110811@nishijima.ac.jp,0Ys5xoZd
益田 小梅,21c110812@nishijima.ac.jp,gpn3w1u7
森下 真衣,21c110813@nishijima.ac.jp,CAsEFjaB
桜田 結依,21c110814@nishijima.ac.jp,WX5hJoQj
福原 隼人,21c110815@nishijima.ac.jp,RLCPRN9Q
矢沢 常吉,21c110816@nishijima.ac.jp,KJdN4XqM
木原 陽菜子,21c110817@nishijima.ac.jp,yqxDVjH5
三橋 辰雄,21c110818@nishijima.ac.jp,nXvxbaev
北原 紬,21c110819@nishijima.ac.jp,7crnGKcI
黒沢 勝久,21c110820@nishijima.ac.jp,3gIXW6Xd
猪股 孝司,21c110821@nishijima.ac.jp,OznYwMKA
前野 司,21c110822@nishijima.ac.jp,ODVN231L
滝沢 保之,21c110823@nishijima.ac.jp,a8W1WQjz
市村 栄二,21c110824@nishijima.ac.jp,4ExpnsaB
松沢 昭夫,21c110825@nishijima.ac.jp,X1QHV0LD
戸塚 美貴,21c110826@nishijima.ac.jp,tZJgwCH3
細谷 茜,21c110827@nishijima.ac.jp,lhyjTXYP
橋本 麻里,21c110828@nishijima.ac.jp,fBACYXta
神戸 元夫,21c110829@nishijima.ac.jp,YDHs5uK4
矢島 正一郎,21c110830@nishijima.ac.jp,irWAyfG2
椎名 翔平,21c110831@nishijima.ac.jp,YmK14AAv
稲垣 義昭,21c110832@nishijima.ac.jp,Hs6M93db
宮下 麻衣,21c110833@nishijima.ac.jp,dVW4iLPj
磯部 光,21c110834@nishijima.ac.jp,38UABEl0
水上 勝哉,21c110835@nishijima.ac.jp,zBh5guNY
垣内 敏子,21c110836@nishijima.ac.jp,9uGXHohd
小室 真桜,21c110837@nishijima.ac.jp,ROYpjwvg
井田 泰次,21c110838@nishijima.ac.jp,ZwRkUAV0
森岡 拓也,21c110839@nishijima.ac.jp,W1hbSiEx
星 日出男,21c110840@nishijima.ac.jp,YZoac1rr
相馬 夢,21c110841@nishijima.ac.jp,u3WJk1kO
野崎 信之,21c110842@nishijima.ac.jp,8WGXY8z0
芦田 菊男,21c110843@nishijima.ac.jp,tHCph1zI
飯野 真生,21c110844@nishijima.ac.jp,0NJsoIiU
横田 和弥,21c110845@nishijima.ac.jp,ljQdCcA0
奈良 隆一,21c110846@nishijima.ac.jp,66ewaO6L
坪井 春吉,21c110847@nishijima.ac.jp,poWkWBGr
西本 昌男,21c110848@nishijima.ac.jp,Rxc4KqRs
稲葉 喜晴,21c110849@nishijima.ac.jp,SQQ00a0Q
玉城 花月,21c110850@nishijima.ac.jp,pemIauDG
堀井 治夫,21c110851@nishijima.ac.jp,7HZ6l4z4
吉岡 稜英,21c110852@nishijima.ac.jp,bZIuRql9
花田 光,21c110853@nishijima.ac.jp,CYATc8Qc
金丸 康雄,21c110854@nishijima.ac.jp,SzAEXJMU
畠中 太郎,21c110855@nishijima.ac.jp,FT866XKg
岸田 咲季,21c110856@nishijima.ac.jp,mQy0C0pZ
梅原 勇蔵,21c110857@nishijima.ac.jp,jCmMuBe1
皆川 愛実,21c110858@nishijima.ac.jp,PNCjcno5
南田 義孝,21c110859@nishijima.ac.jp,wGmT0CW8
金山 宣政,21c110860@nishijima.ac.jp,f5Yzc1zQ
石原 行雄,21c110861@nishijima.ac.jp,NaCg5cme
紺野 真紀子,21c110862@nishijima.ac.jp,jXWckw1X
吉本 敬三,21c110863@nishijima.ac.jp,UUu8QcVn
小笠原 隆之,21c110864@nishijima.ac.jp,cfr3qbps
足立 昌枝,21c110865@nishijima.ac.jp,92UvJruY
田代 香織,21c110866@nishijima.ac.jp,w4pNPnUH
早坂 空希,21c110867@nishijima.ac.jp,Bt3K7JHB
三原 峻輝,21c110868@nishijima.ac.jp,AUsI1Pb4
宮沢 明子,21c110869@nishijima.ac.jp,7boa6d4n
吉野 紗希,21c110870@nishijima.ac.jp,8YaT37YJ
野島 康代,21c110871@nishijima.ac.jp,0bQ9Q5gd
川瀬 孝男,21c110872@nishijima.ac.jp,b4xCs3eX
笠井 善次,21c110873@nishijima.ac.jp,EutQdNi7
福永 穂香,21c110874@nishijima.ac.jp,v5rwHpQP
大高 俊章,21c110875@nishijima.ac.jp,dqC8zZzg
新垣 敏正,21c110876@nishijima.ac.jp,yeDmIwab
稲村 敏子,21c110877@nishijima.ac.jp,UyhGJVFc
高島 円美,21c110878@nishijima.ac.jp,Ff6LoMXo
西谷 扶三代,21c110879@nishijima.ac.jp,WRVZDUHV
寺尾 新吉,21c110880@nishijima.ac.jp,DcOQlWsY
粕谷 長平,21c110881@nishijima.ac.jp,D6yNnVBS
金山 利之,21c110882@nishijima.ac.jp,WxAeKnsx
岩間 美央,21c110883@nishijima.ac.jp,oIlXCzh6
吉沢 勝巳,21c110884@nishijima.ac.jp,Y6lIYJev
神山 昌利,21c110885@nishijima.ac.jp,C97unYNC
新垣 砂登子,21c110886@nishijima.ac.jp,ipfWaxbs
杉村 順貴,21c110887@nishijima.ac.jp,GjbCf7bA
永野 有正,21c110888@nishijima.ac.jp,ynzQYK1v
水島 雄一,21c110889@nishijima.ac.jp,HBoFjgiF
大浦 雪菜,21c110890@nishijima.ac.jp,Uy2VyhY5
会田 雅哉,21c110891@nishijima.ac.jp,oEPReAAQ
木田 正弘,21c110892@nishijima.ac.jp,Qb6TcExd
船橋 芽依,21c110893@nishijima.ac.jp,FQSVC8Cz
三好 由紀江,21c110894@nishijima.ac.jp,FaqN5hC4
土橋 新平,21c110895@nishijima.ac.jp,37X5jWeN
小幡 栞菜,21c110896@nishijima.ac.jp,HuxabXYK
横井 有沙,21c110897@nishijima.ac.jp,CdIpLSyP
栗林 晃子,21c110898@nishijima.ac.jp,aSlmUZaC
及川 直治,21c110899@nishijima.ac.jp,BL4rLQps
荻原 菜穂,21c110900@nishijima.ac.jp,qaYlkdE6
市原 泰介,21c110901@nishijima.ac.jp,Rm83rUEw
木本 正幸,21c110902@nishijima.ac.jp,GZ3fXtt7
坪田 美津子,21c110903@nishijima.ac.jp,uvjryMNh
森脇 佳代子,21c110904@nishijima.ac.jp,jmrBxBAx
野崎 紗季,21c110905@nishijima.ac.jp,2zMP01my
山本 栄吉,21c110906@nishijima.ac.jp,xK4DF9Hp
並木 喬,21c110907@nishijima.ac.jp,ddscQBMk
竹原 龍也,21c110908@nishijima.ac.jp,qGNxxSkP
柴山 芳雄,21c110909@nishijima.ac.jp,Dfktnxj7
河上 清蔵,21c110910@nishijima.ac.jp,L81lqgN3
妹尾 泰次,21c110911@nishijima.ac.jp,oy8FEYYi
大貫 義行,21c110912@nishijima.ac.jp,RVJ0SIPj
村山 進也,21c110913@nishijima.ac.jp,YrZUwScH
谷川 佳音,21c110914@nishijima.ac.jp,2O8za8jl
角田 留吉,21c110915@nishijima.ac.jp,mfmuQJVY
佐伯 竜太,21c110916@nishijima.ac.jp,9TNbAIyf
白鳥 季子,21c110917@nishijima.ac.jp,JARmh8Si
長尾 優華,21c110918@nishijima.ac.jp,5ee3QEuW
二瓶 幹彦,21c110919@nishijima.ac.jp,kQQFJAmG
平塚 章,21c110920@nishijima.ac.jp,NuKBhH1I
古河 夏未翔,21c110921@nishijima.ac.jp,JDsrtNsv
斎藤 奈々美,21c110922@nishijima.ac.jp,sEqFiddk
鹿島 結衣,21c110923@nishijima.ac.jp,ZR9d1pDH
南部 藤子,21c110924@nishijima.ac.jp,yBX5AeCl
相良 明弘,21c110925@nishijima.ac.jp,MbY05bKu
菅原 敏昭,21c110926@nishijima.ac.jp,SFaTkHH1
天野 滉二,21c110927@nishijima.ac.jp,7ygxDlH5
矢沢 歩,21c110928@nishijima.ac.jp,5uONPJlf
伊沢 英二,21c110929@nishijima.ac.jp,IG8ZTSML
板橋 剣一,21c110930@nishijima.ac.jp,QWBWndnh
森脇 富美子,21c110931@nishijima.ac.jp,WJL1PFo9
前田 昌彦,21c110932@nishijima.ac.jp,BgBiAv55
緒方 千晶,21c110933@nishijima.ac.jp,icrDH2bZ
飛田 栞那,21c110934@nishijima.ac.jp,nETzlP3C
植木 千穂,21c110935@nishijima.ac.jp,F0mnAzxz
住田 舞,21c110936@nishijima.ac.jp,EDrHWNbx
板倉 利津子,21c110937@nishijima.ac.jp,yX2NuV5o
安部 廉人,21c110938@nishijima.ac.jp,UkdrHQ7S
石沢 明美,21c110939@nishijima.ac.jp,QS5nbgEA
高木 弘一,21c110940@nishijima.ac.jp,fgcmpz5B
中野 政治,21c110941@nishijima.ac.jp,7KNS7Iau
清水 彰,21c110942@nishijima.ac.jp,iRjp7mb1
矢吹 常吉,21c110943@nishijima.ac.jp,vLkAFqop
浜田 仁美,21c110944@nishijima.ac.jp,0f5DUwJZ
中森 伸生,21c110945@nishijima.ac.jp,x9PaMpwy
松田 拓海,21c110946@nishijima.ac.jp,1mtMLKbD
前野 重夫,21c110947@nishijima.ac.jp,AH5vFKWp
加賀 敏男,21c110948@nishijima.ac.jp,MJ7A56TJ
江口 凱斗,21c110949@nishijima.ac.jp,HH67S8BE
竹田 百合子,21c110950@nishijima.ac.jp,HtaRY4yH
曽我 涼花,21c110951@nishijima.ac.jp,jxZTMpHD
花井 由奈,21c110952@nishijima.ac.jp,Aj06ik78
秋本 守男,21c110953@nishijima.ac.jp,NfDxiP9J
山田 柊吾,21c110954@nishijima.ac.jp,nwCVPsZo
神谷 正春,21c110955@nishijima.ac.jp,PT5I5FS0
川村 琉菜,21c110956@nishijima.ac.jp,pQ3Z3CPw
田所 初音,21c110957@nishijima.ac.jp,w0NNPwGY
小倉 棟上,21c110958@nishijima.ac.jp,NngQRKST
黒川 昇一,21c110959@nishijima.ac.jp,2H4X2iax
上山 茉彩,21c110960@nishijima.ac.jp,GwGUifrU
日野 佳祐,21c110961@nishijima.ac.jp,hdtAvA4m
田代 康太,21c110962@nishijima.ac.jp,PpYDnPdl
尾崎 涼太,21c110963@nishijima.ac.jp,dsMeOHr6
三輪 柚葉,21c110964@nishijima.ac.jp,xOSV8V9j
上原 由紀江,21c110965@nishijima.ac.jp,c9xc6Q37
杉山 日葵,21c110966@nishijima.ac.jp,CIlpEfNt
大林 浬,21c110967@nishijima.ac.jp,A1wq6vPM
永井 花菜,21c110968@nishijima.ac.jp,2izrz0gS
安達 沙彩,21c110969@nishijima.ac.jp,4tzzMDQJ
三好 清人,21c110970@nishijima.ac.jp,KKec90CB
森本 星夏,21c110971@nishijima.ac.jp,Ju1aJH3d
福山 愛里,21c110972@nishijima.ac.jp,JFySWynx
小村 秀幸,21c110973@nishijima.ac.jp,2HRHxL3o
富田 美琴,21c110974@nishijima.ac.jp,9P4V9AoX
真鍋 紫乃,21c110975@nishijima.ac.jp,3DhwlcMn
藤森 義信,21c110976@nishijima.ac.jp,ViIiTCOh
浅見 裕治,21c110977@nishijima.ac.jp,uP0Cn7GD
水島 五月,21c110978@nishijima.ac.jp,jAlczPxs
三村 重夫,21c110979@nishijima.ac.jp,GbM7rvQZ
古沢 誠一,21c110980@nishijima.ac.jp,hTEjzqnH
藤島 美佐子,21c110981@nishijima.ac.jp,FlVi3Cue
進藤 由香里,21c110982@nishijima.ac.jp,FzIuApVj
塩崎 里穂,21c110983@nishijima.ac.jp,GXLESsBW
高嶋 由美子,21c110984@nishijima.ac.jp,eB5CxHbt
中岡 華,21c110985@nishijima.ac.jp,f4cuAkvK
土橋 賢三,21c110986@nishijima.ac.jp,pomAQ43X
山脇 凛華,21c110987@nishijima.ac.jp,hbzTH7Nz
川瀬 佐吉,21c110988@nishijima.ac.jp,6NxIcc1G
矢崎 和香,21c110989@nishijima.ac.jp,HIKQ5KQZ
森本 理穂,21c110990@nishijima.ac.jp,8ulCK8a4
中 健司,21c110991@nishijima.ac.jp,mRnbjJ8z
江崎 夏輝,21c110992@nishijima.ac.jp,GzMJ0jrV
塩沢 美結,21c110993@nishijima.ac.jp,A1ugLeoS
向井 八重子,21c110994@nishijima.ac.jp,xa6KKRB9
小森 寅男,21c110995@nishijima.ac.jp,wSp7dIdE
野沢 沙耶,21c110996@nishijima.ac.jp,7IdvtlCz
野沢 正信,21c110997@nishijima.ac.jp,QLId8DYe
宮原 萌香,21c110998@nishijima.ac.jp,A5xPHtmN
高見 数子,21c110999@nishijima.ac.jp,gHP0qPF2
滝 穂花,21c111000@nishijima.ac.jp,XMCwUiNa
